{"unigram": 1917.6325165482888, "bigram": 27323.35526784474, "trigram": 1240029.0247514274, "quagram": 5830922.244121726}