{"unigram": 1927.623817092661, "bigram": 282.71745246132934, "trigram": 48.81155702080551, "quagram": 2.669399904471927}