{"unigram": 1927.6313427779307, "bigram": 282.7155366496535, "trigram": 48.81155702093674, "quagram": 2.669402654392754}