{"unigram": 1864.244911737453, "bigram": 283.25817653987934, "trigram": 48.71804840232338, "quagram": 2.669402654392754}